Last Modified,
3/8/2020 7:13:06,(GMT+00:00) GMT (no daylight saving)
,
Contents,Hyperlink
Summon Gear,https://docs.google.com/spreadsheets/d/1rA_59XvXqZiW9J8K55GvacD0n6_VvJXziwExhjGM1jw/edit#gid=684133593
Gear,https://docs.google.com/spreadsheets/d/1rA_59XvXqZiW9J8K55GvacD0n6_VvJXziwExhjGM1jw/edit#gid=658932667
Pokemon_0000,https://docs.google.com/spreadsheets/d/1rA_59XvXqZiW9J8K55GvacD0n6_VvJXziwExhjGM1jw/edit#gid=1925092275
Welcome Gift,https://docs.google.com/spreadsheets/d/1rA_59XvXqZiW9J8K55GvacD0n6_VvJXziwExhjGM1jw/edit#gid=598631663
Pok√© Glam,https://docs.google.com/spreadsheets/d/1rA_59XvXqZiW9J8K55GvacD0n6_VvJXziwExhjGM1jw/edit#gid=178517383
Super Boss Stage,https://docs.google.com/spreadsheets/d/1rA_59XvXqZiW9J8K55GvacD0n6_VvJXziwExhjGM1jw/edit#gid=1989896223
Daily Stage,https://docs.google.com/spreadsheets/d/1rA_59XvXqZiW9J8K55GvacD0n6_VvJXziwExhjGM1jw/edit#gid=2083401009
Mysland,https://docs.google.com/spreadsheets/d/1rA_59XvXqZiW9J8K55GvacD0n6_VvJXziwExhjGM1jw/edit#gid=1772675542
Info,https://docs.google.com/spreadsheets/d/1rA_59XvXqZiW9J8K55GvacD0n6_VvJXziwExhjGM1jw/edit#gid=1347733395